{
	"accent_mode": 2,
	"button_tint": {
		".t": "Color",
		"v": [
			0.0,
			0.039220000000000005,
			0.10196000000000001,
			0.19608
		]
	},
	"custom_accent": {
		".t": "Color",
		"v": [
			0.4,
			0.6000000000000001,
			0.33725000000000005,
			1.0
		]
	},
	"panel_tint": {
		".t": "Color",
		"v": [
			0.0,
			0.03991,
			0.10196000000000001,
			0.19608
		]
	},
	"theme": "UMP_DEFAULT",
	"theme_mode": 0,
	"visualizer_bar_count": 72,
	"visualizer_bar_smoothing": 0.38,
	"visualizer_mode": 2
}