{
	"accent_mode": 2,
	"button_tint": {
		".t": "Color",
		"v": [
			0.0,
			0.039220000000000005,
			0.10196000000000001,
			0.09804
		]
	},
	"custom_accent": {
		".t": "Color",
		"v": [
			0.3926,
			0.65,
			0.29900000000000004,
			1.0
		]
	},
	"panel_tint": {
		".t": "Color",
		"v": [
			0.0,
			0.039220000000000005,
			0.10196000000000001,
			0.19608
		]
	},
	"theme": "UMP_DEFAULT",
	"theme_mode": 1,
	"visualizer_bar_count": 72,
	"visualizer_bar_smoothing": 0.38,
	"visualizer_mode": 2
}